Spanish,English
de,of
que,what
no,no
a,a
la,the
el,he
y,and
es,is
en,in
lo,it
un,and
por,by
qué,that
me,me
una,a
los,the
se,himself
te,the
con,with
para,for
está,it is
mi,me
pero,but
sí,Yeah
si,and
bien,GOOD
eso,that
su,are
las,the
yo,they
del,of the
como,as
aquí,here
tu,That
al,al
más,further
le,the
esto,this
todo,all
ya,of
estoy,I'm
ahora,now
muy,very
ha,ha
esta,this
así,So
vamos,let's go
algo,something
hay,good
bueno,Well
tengo,I have
él,he
cuando,when
estás,are
sé,see
tú,you
nos,us
nada,anything
cómo,as
este,It is
o,O
he,he
ser,to be
tiene,has
puedo,I can
ella,she
quiero,wanna
hacer,do
fue,was
gracias,thank you
vez,turn
era,era
soy,soy
sólo,only
todos,all
porque,why
son,son
tienes,have
creo,believe
voy,go
sabes,You know
estaba,was
puede,can
eres,are
ese,that
usted,you
entonces,so
hola,hour
solo,Alone
verdad,TRUE
casa,House
tan,tan
quién,who
sus,their
tiempo,time
dos,of the
esa,that
nunca,Never
dónde,where
va,and
oh,oh
favor,favor
mucho,a lot
mí,my
quieres,want
siento,I feel
señor,Sir
mejor,better
hace,does
has,has
decir,say
también,also
sobre,about
dios,God
sin,sin
tenemos,have
están,are
ti,of
puedes,can
ver,to see
hombre,man
vida,life
alguien,someone
cosas,things
siempre,always
hasta,until
ahí,there
ir,and
años,years
antes,before
estar,be
ni,in
poco,bit
día,day
uno,one
noche,evening
hecho,made
mis,which
estamos,we are
otra,other
acuerdo,agreement
trabajo,job
nosotros,us
parece,looks
gente,people
sea,sea
padre,father
mira,mira
mismo,same
dijo,said
nadie,nobody
quiere,wants
podría,could
hablar,talk
vas,your
ellos,they
sr.,sr.
tal,turn
pasa,happens
fuera,out
después,after
han,he
desde,from
dinero,money
mundo,world
claro,Of course
momento,time
les,THE
tener,have
estado,state
otro,other
había,there was
mañana,tomorrow
tenía,had
madre,mother
vale,OK
lugar,place
haciendo,doing
donde,where
seguro,safe
sabe,he knows
podemos,we can
tus,the
espera,wait
nuevo,new
sido,been
cosa,What
hijo,son
allí,over there
menos,any less
tipo,type
amigo,friend
gran,great
nuestro,our
mujer,women
mamá,mother
luego,then
papá,dad
días,days
dice,dice
hoy,today
tres,three
buena,good
necesito,need
dije,said
oye,understand
gusta,like
quería,wanted to
será,it will be
haber,to have
parte,part
todas,all
crees,You believe
buen,good
conmigo,with me
nombre,name
mierda,shit
nuestra,our
mal,just
debe,has to
realmente,really
estas,is
aún,still
mío,mine
toda,all
hacerlo,do it
cada,each
visto,view
importa,it matters
contigo,with you
tienen,have
hemos,we have
razón,reason
alguna,some
tanto,so much
saber,to know
hizo,Those
veces,times
serio,serious
ven,ven
idea,idea
eh,Eh
tarde,afternoon
problema,problem
hora,hour
cierto,TRUE
dicho,saying
quien,who
demasiado,too much
amor,love
entre,in between
ve,ve
pasado,past
familia,family
estos,these
policía,police
debería,ought
ustedes,you
chica,girl
esos,those
chicos,guys
cuenta,account
haces,you do
todavía,still
salir,go out
algún,some
vaya,Oh
unos,some
veo,I see
amigos,friends
hermano,brother
pensé,think
sabía,knew
cabeza,head
ah,like
cariño,dear
digo,I say
van,by
hombres,men
buenas,hello good
somos,are
cualquier,any
forma,form
mientras,while
lado,side
debo,I must
sería,I would be
caso,case
pueden,they can
pasó,passed
primera,first
genial,genial
chico,chico
supuesto,supposed
hice,I did
pues,well
adiós,bye
muchas,many
personas,people
señora,lady
volver,return
esas,those
quizá,Maybe
contra,against
camino,path
durante,during
hablando,talking
manera,manner
muerto,dead
persona,person
rápido,fast
cuál,which
ayuda,aid
historia,history
iba,Other
supongo,i guess
nueva,new
entiendo,I understand
dentro,inside
casi,almost
puerta,door
ves,know
pasar,market
primero,first
significa,means
semana,week
hacia,toward
quizás,maybe
espero,expect
juntos,together
año,year
niños,children
pronto,ready
tío,uncle
suerte,luck
ciudad,city
siquiera,even
feliz,happy
venir,come
hija,it
gustaría,would like
minutos,minutes
cuánto,how much
os,you
hey,hey
muerte,death
dejar,leave
realidad,reality
deja,already
problemas,problems
vi,we
da,and
importante,important
dijiste,said
corazón,heart
miedo,fear
jefe,boss
agua,water
haré,I will do
justo,fair
horas,hours
poder,can
buenos,good
esposa,wife
manos,hands
debes,you must
viene,he comes
venga,come
nuestros,our
ojos,eyes
adelante,forward
encontrar,meet
mano,thousand
cinco,five
niño,child
ninguna,none
otros,others
cara,method
cuidado,Careful
bajo,low
cerca,fence
viejo,old
déjame,let me
noches,nights
bastante,quite
fin,END
tomar,to take
único,single
misma,same
escucha,listen
ningún,none
suficiente,enough
punto,point
cuándo,when
sigue,go on
haya,these
equipo,equipment
grande,big
necesita,needs
llegar,arrive
incluso,even
algunos,some
doctor,doctor
difícil,difficult
aunque,although
hubiera,had
primer,first
coche,coach
hago,do
clase,class
cuatro,four
mas,but
dices,You say
pequeño,little
llama,calls
toma,take
hiciste,did
allá,there
última,last
arriba,above
tierra,land
guerra,war
pensar,think
pueda,I can
igual,equal
loco,place
sangre,blood
mujeres,women
vuelta,lap
fui,I went
trabajar,work
tenido,had
juego,game
deberías,you should
cuerpo,body
e,It is
algunas,some
entrar,to enter
cree,Believe
podía,could
debemos,must
oportunidad,chance
teléfono,telfle
necesitamos,We need
final,final
listo,List
fiesta,fiesta
muchos,many
estabas,You were
quieren,They want
vete,OWN
auto,auto
dar,but
vivir,live
posible,possible
ok,ok
hermana,sister
número,number
meses,months
exactamente,exactly
culpa,fault
abajo,below
escuela,school
ido,eye
fuerte,strong
diciendo,saying
habla,speaks
esté,this
ello,it
pregunta,ask
chicas,girls
eran,were
unas,nails
pasando,going
atrás,back
malo,room
capitán,captain
sra.,sra.
bebé,baby
segundo,second
sabemos,we know
mayor,mayor
comida,food
morir,die
conozco,know
dame,dame
fácil,easy
comer,eat
vino,wine
lista,list
haga,make
necesitas,you need
hijos,children
probablemente,probably
padres,parents
habitación,room
creer,believe
pensando,thinking
fueron,were
dime,dime
trata,treats
buscando,seeking out
tuve,I had
tampoco,neither
amo,amo
joven,young
podrías,could you
sola,lonely
par,about
única,only
hacen,do
seguir,follow
dr.,dr.
simplemente,simply
dicen,They say
medio,half
puta,hatch
saben,per
sentido,sense
hagas,you do
segura,safe
esperar,wait
lejos,far
arma,weapon
alto,high
pequeña,small
dólares,Dollars
seis,six
estaban,were
seguridad,security
maldita,nasty
estuvo,was
preocupes,worry
palabra,word
esperando,waiting
queda,is left over
oficina,office
matar,woman
iré,I will go
cama,bed
además,besides
último,last
oído,ear
habría,there would be
estará,will be
dio,part
recuerdo,memory
siendo,being
acerca,about
tenga,have
luz,light
correcto,correct
ud.,out.
demonios,demons
nuestras,ours
verte,green
dormir,sleep
sitio,place
ayudar,help
conseguir,get
di,Of
marido,husband
paz,peace
idiota,idiot
plan,plan
dado,given
cuanto,how much
peor,worse
murió,died
pueblo,town
vivo,vivo
venido,I come
john,john
basta,it just is
paso,passed
deberíamos,we should
música,music
diga,say
minuto,minutes
anoche,last night
llamar,call
piensa,think
país,country
digas,you say
rey,rey
perdón,sorry
mucha,a lot
falta,lack
pienso,I think
diablos,Devils
perdido,lost
niña,little girl
señorita,Miss
diez,ten
lleva,carry
hospital,hospital
grandes,big ones
maldito,damn you
otras,others
llamado,called
hacemos,we make
llevar,carry
fuego,fire
aqui,here
tuvo,had
poner,put
calle,street
acaba,ends
prueba,proof
increíble,incredible
real,real
libro,book
orden,order
semanas,weeks
especial,Special
mía,tight
café,café
duro,stand
empezar,begin
afuera,outside
queremos,we want
perro,dog
cielo,sky
jack,jack
puesto,position
viaje,journey
detrás,behind
cuarto,room
querida,dear
haría,would do
preguntas,questions
piensas,You think
querido,darling
libre,free
buscar,look for
cual,which
diré,I will say
suena,sounds
jugar,play
cambio,change
película,movie
millones,millions
habrá,there will be
llamada,call
resto,rest
vemos,we see
extraño,strange
mala,she had
presidente,chairman
srta.,Ms.
irme,Go
ropa,clothes
perder,lose
vuelve,comes back
agente,agent
palabras,words
información,information
raro,under
hará,will do
entiendes,you understand
éste,this
trabajando,working
tratando,treating
general,general
trato,deal
usar,to use
perfecto,perfect
derecho,right
modo,way
ayer,yesterday
conoces,you know
demás,the rest
quieras,You want
podríamos,we could
noticias,news
asesino,killer
encontrado,found
control,control
odio,hate
frente,forehead
sexo,sex
decirle,Tell him
estaré,I will be
divertido,funny
armas,weapon
recuerdas,remember
amiga,amiga
grupo,group
asunto,affair
acabo,just
mensaje,message
encima,on
atención,attention
diferente,different
uh,uh
cállate,be quiet
daño,damage
sucede,happens
cambiar,change
siguiente,following
sino,but
the,the
seas,seas
médico,doctor
boca,boca
dejó,let
error,error
jamás,never
largo,long
pena,pity
voz,voice
futuro,future
siente,Feel
secreto,secret
baño,bathroom
mil,thousand
decirte,tell you
sam,himself
pensaba,thought
novia,bride
propia,own
sueño,dream
haz,haz
fuerza,force
deben,They must
supone,It supposes
estábamos,We were
ambos,both
ay,Ay
estuve,I have been
encontré,I found
vuelto,turned
dolor,pain
dile,language
encanta,loves
edad,age
darle,give him
pie,near
negro,negro
ganar,gain
york,york
aire,air
lamento,am sorry
verlo,see him
asesinato,murder
vio,saw
adónde,where to
llegado,arrived
disculpe,excuse me
s,s
cita,different
estaría,It would
fuiste,you were
sistema,system
gusto,Want
pobre,poor
negocio,business
mente,mind
tuyo,dry
campo,field
mire,by the time
situación,situating
tras,after
hotel,hotel
vosotros,you
funciona,it works
foto,Photo
abogado,lawyer
loca,loca
propio,propy
alrededor,around
próxima,next
terminado,finished
hablas,speak
pagar,pay
mató,killed
llamo,called
personal,personal
sientes,you feel
ocurre,occurs
ésta,this
recuerda,remember
mitad,half
quiera,want
pelo,for the
tenías,You had
viste,knew
oficial,official
llegó,arrive
compañía,company
relación,relationship
conoce,known
pase,pass
montón,lot
mejores,top
creí,I believed
cena,cena
sentir,to feel
través,through
accidente,accident
i,i
ellas,they
caja,box
tranquilo,quiet
bonito,beautiful
eras,eras
asi,but
pudo,could
vive,vive
vista,vista
estúpido,idiot
línea,line
caballeros,gentlemen
haremos,will
dan,and
quédate,stay
tienda,store
comprar,purchase
entendido,understood
centro,center
salvo,saved
mes,We
joe,joe
sol,sun
tonto,tonto
hambre,hunger
michael,michael
mesa,mesa
respuesta,answer
completamente,completely
david,david
carta,paper
totalmente,totally
imposible,impossible
pruebas,evidence
novio,boyfriend
normal,normal
gustan,Gustan
frank,frank
pude,could
charlie,charlie
traje,it lasts
dirección,address
siete,seven
dijeron,They said
placer,placer
sean,sean
tendrá,will have
barco,boat
blanco,white
tom,tom
profesor,teacher
servicio,service
muchacho,young guy
reunión,reunion
dejado,left
ley,law
quisiera,I'd like
hubo,was
george,george
programa,program
carrera,career
cumpleaños,birthday
muchachos,boys
culo,ass
canción,song
hermosa,beautiful
universidad,university
boda,wedding
decirme,Tell me
cualquiera,any
tengas,Have
hacía,toward
estés,be
sala,living room
llevo,he took
decisión,decision
espere,hope
don,don
necesario,necessary
sal,shall
entra,goes into
prisa,hurry
carajo,fuck
embargo,embargo
interesante,interesting
tendrás,you will have
escuchar,Scuchar
abuela,grandmother
hicieron,they made
detective,detective
horrible,horrible
suelo,floor
fotos,Photos
cárcel,jail
acá,here
io,it
mike,mike
siéntate,Sit down
decía,He said
intentando,trying
vámonos,let's go
maldición,curse
silencio,silence
muerta,dead
capaz,able
salió,he left
club,club
terminar,finish
temo,topic
broma,joke
gobierno,government
prometo,promise
cámara,camera
media,media
terrible,terrible
llamó,called
regalo,gifts
amable,gentle
dulce,sweet
muertos,dead
querías,You wanted
ataque,attack
das,the
navidad,Christmas
negocios,business
pudiera,could
ocho,eight
avión,plane
investigación,investigation
acabó,just
juro,Law
mantener,keep
ejército,army
papel,paper
partes,parts
ten,ten
gracioso,funny
diría,would say
principio,principle
delante,in front of
teniente,lieutenant
deseo,desire
vayas,go
nave,nave
sale,sale
basura,Waste
vine,vine
contacto,contact
esposo,husband
tren,train
encontramos,we find
dale,dale
verdadero,TRUE
tuya,yours
alma,alma
hazlo,do it
disculpa,sorry
junto,together
anda,you
tendré,I will have
matrimonio,marriage
saberlo,know
locura,craziness
oro,air
permiso,permission
director,director
peligro,danger
libertad,freedom
alegro,glad
baja,low
tendremos,we will have
derecha,right
encuentra,finds
pies,pies
segunda,second
maravilloso,marvelous
espacio,space
rato,mouse
abuelo,grandfather
esperaba,I expected
mirando,looking
salud,health
sorpresa,surprise
ninguno,none
miren,Miren
triste,sad
aun,still
pensado,thought
maestro,maestro
según,according to
infierno,hell
podrían,could
tipos,types
tía,aunt
crimen,crime
conocido,acquaintance
consejo,advice
ante,in view of
iglesia,church
intento,tried
mayoría,most
doy,give
peter,peter
hicimos,we did
escena,scene
piso,floor
señal,sign
honor,honor
llamas,llamas
abre,open
cerebro,brain
veras,you will see
viendo,seeing
pone,places
pregunto,asked
cocina,kitchen
vestido,dress
inteligente,intelligent
vieja,old
caballo,horse
vienen,they come
vidas,lives
bar,bar
corte,cut
sucedió,happened
adentro,inside
drogas,drug
enseguida,right away
busca,search
agradable,pleasant
carne,meat
parecía,looked like
departamento,Department
lindo,beautiful
mar,mar
duda,doubt
edificio,building
conocer,know
cargo,cargo
víctima,victim
luna,top
energía,energy
frío,cold
hablo,speak
baile,Home
trabaja,works
misión,mission
listos,Ready
ayudarte,help you
izquierda,left
paul,paul
beber,to drink
deje,going to be done
finalmente,finally
simple,simple
daré,I will give
sabías,You knew
puedas,You can
puso,heart
creía,I believed
regresar,go back
llega,arrives
entender,to understand
mirar,look
sacar,to withdraw
cambiado,changed
trae,Bring
hermoso,beautiful
opinión,opinion
verás,you will see
linda,linda
apenas,just
segundos,second
cerveza,beer
harás,you will do
estuviera,I was
creen,They believe
oír,hear
tendría,would have
cuántos,how many
hablado,spoken
hablamos,talk later
reina,queen
temprano,early
tema,her
prisión,prison
porqué,because
vuelva,Return
público,public
ocurrió,occurred
veré,I will see
salvar,to save
partido,broken
bonita,beautiful
joder,fuck
causa,cause
caliente,hot
sargento,sergeant
cenar,have dinner
compañero,buddy
llevó,he took
banco,Bank
existe,exist
ben,ben
zona,zone
destino,destiny
base,base
solía,used to
cliente,client
irse,leave
perra,bitch
james,james
encuentro,meeting
encontró,found
pelea,fight
san,san
norte,north
quise,I wanted
coronel,colonel
apuesto,handsome
peligroso,dangerous
viva,viva
max,max
vienes,you come
necesitan,They need
té,tea
excepto,except
juicio,judgment
podamos,we can
llave,key
equivocado,mistaken
posición,position
trasero,rear
irnos,Go
espalda,back
excelente,great
éxito,success
modos,Modes
ventana,window
veamos,let's see
especie,species
teníamos,we had
diferencia,difference
formas,forms
pedir,ask
últimos,last
escúchame,listen to me
ejemplo,example
ése,that
radio,radio
lee,lee
calma,calm
hogar,home
volveré,I will be back
fondo,bottom
humano,human
henry,henry
tí,of
iremos,we will
unidos,joined
habían,They were
jesús,Jesus
planeta,planet
verme,giving
respecto,regard
regreso,return
debido,due
seré,I will be
tenían,They had
leer,file
parar,to stop
lleno,full
dejé,leave
respeto,I respect
debajo,below
harry,harry
escribir,write
estación,season
pidió,asked
alta,high
pista,track
estrella,star
enfermo,sick
duele,hurts
sueños,dreams
veremos,we will see
miles,miles
darme,give me
órdenes,orders
ocupado,busy
sigues,Be
corre,corre
podido,I have
dejes,Leave
nivel,level
habéis,You have
experiencia,experience
darte,to give you
salida,exit
decirlo,say it
confiar,trust
hacerte,make you
necesitaba,needed
hermanos,siblings
zapatos,shoes
color,color
vistazo,glance
nena,Nena
tratar,deal with
parecer,seem
juez,judge
próximo,next
paciente,patient
hayas,be
bolsa,if
arte,art
mary,mary
jugando,playing
llevas,You carry
alegra,Alegra
bailar,dance
diablo,diablo
oí,I heard
sepa,sepa
estarás,You will be
sur,on
banda,band
aprender,learn
precio,price
completo,complete
santo,Holy
culpable,culpable
ganas,desire
tuvimos,We had
you,you
verla,see it
volvió,went back
libros,books
ojo,look like
serán,will
cielos,Heavens
matado,killed
azul,blue
diferentes,many different
irte,go
ia,it
comandante,commander
acción,action
reglas,rules
obra,constructions
esperanza,hope
cuestión,question
molesta,bothers
teniendo,having
bill,bill
informe,report
jimmy,jimmy
río,river
bienvenido,welcome
abrir,Open
tocar,tap
bob,bob
contar,tell
sigo,I follow
interior,interior
apartamento,apartment
vea,See
estados,States
estáis,You are
preocupa,worries
tomó,took
principal,principal
empieza,begin
londres,London
empezó,it started
vayan,go
jim,jim
llaman,They call
ojalá,I wish
perdona,sorry
vuelvo,I come back
golpe,stroke
quedarme,stay
llamaré,I will call
acabado,finish
estilo,style
nueve,nine
definitivamente,definitely
quedar,meet
cartas,cards
bomba,tap
guardia,guard
pistola,pistol
probar,prove
majestad,majesty
traer,bring
marcha,march
pareces,You seem
común,comun
aquel,that
hacerle,do
vuelo,flight
nota,use
danny,danny
humanos,humans
estaremos,will be
valor,value
suyo,yours
objetivo,aim
repente,suddenly
debía,should
rojo,red
bromeando,joking
irá,will
entrada,Prohibited
doble,double
dejaré,I will leave
evitar,avoid
máquina,machine
cuello,neck
conocí,I met
tiempos,time
tome,to that
nick,nick
animales,animals
alex,alex
acaso,chance
tuviera,had
pareja,couple
verano,summer
escuché,listen
ama,or
serás,you will
mentira,lie
tarjeta,card
hagan,hagan
perdí,I missed
correr,run
steve,steve
traído,brought
llegue,I arrived
preparado,prepared
haberlo,have
tony,tony
usa,deer
intentar,attempt
ayudarme,help me
flores,flores
dando,giving
vos,your
opción,option
isla,same
cierra,Close
piel,fur
enemigo,enemy
dejo,let
exacto,exact
imbécil,fool
jóvenes,youths
pedido,order
larga,long
entiende,understands
justicia,justice
nuevos,new
obviamente,obviously
despierta,wake up
pido,I ask
calor,heat
luces,lights
refiero,I mean
fuimos,went
batalla,battle
déjalo,leave it alone
intenta,Try
sarah,sarah
fantástico,Fantastic
brazo,arm
absolutamente,absolutely
llena,full
hacerme,make me
salga,out
recordar,remember
escapar,escape
bosque,forest
gay,gay
señores,sirs
quedan,They remain
piernas,legs
visita,visit
parís,Paris
usando,using
ganado,cattle
movimiento,motion
blanca,white
rico,rico
inocente,innocent
pesar,weigh
absoluto,absolute
vacaciones,vacation
um,one
mismos,same
tomado,taken
habías,You were
planes,planes
cine,who
toca,touches
brillante,bright
confianza,trust
vuestra,your
nombres,Names
especialmente,especially
fbi,fbi
embarazada,pregnant
esperen,they expect
pantalones,pants
defensa,defending
terminó,term
salido,stepped out
estupendo,great
jane,jane
presión,pressure
inmediatamente,immediately
testigo,witness
deberían,They should
olvidado,forgotten
soldados,soldiers
resulta,result
tommy,tommy
depende,depends
motivo,reason
inglés,English
suya,watery
estudio,study
acabar,finish
sentimientos,feelings
tomando,taking
dieron,They gave
parecen,they look like
llaves,keys
perros,dogs
propósito,purpose
noticia,news
partir,leave
vuestro,your
metros,meters
santa,santa
quedarse,stay
clientes,customers
podrá,can
cuántas,how many
ridículo,ridiculous
damas,ladies
estuviste,You were
tranquila,quiet
operación,operation
come,come
empresa,company
ayúdame,Help me
laboratorio,laboratory
elección,choice
menudo,slight
beso,kiss
copa,Cup
conversación,conversation
brazos,arms
espíritu,spirit
dejas,dance
cansado,tired out
interesa,interested
refieres,You mean
casado,married
enorme,huge
asuntos,matters
fe,fe
muestra,sample
trampa,trap
ray,ray
billy,billy
memoria,memory
johnny,johnny
contrario,contrary
soldado,Soldier
subir,move up
turno,shift
encantaría,I would enchant
preocupado,concerned
restaurante,restaurant
saliendo,coming out
escrito,written
cálmate,take it easy
bienvenida,welcome
caer,fall
llevaré,I will carry
leche,milk
estrellas,stars
prefiero,prefer
red,red
viejos,old
solamente,only
oiga,Listen
estén,are
cuentas,Accounts
taxi,taxi
anillo,ring
richard,richard
preguntar,ask
victoria,victoria
quiénes,who
héroe,hero
pequeños,little ones
decidido,decided
películas,films
responsable,responsible
trago,dislodge
volverá,To return to
árbol,tree
ibas,You were
dientes,teeth
encantado,charmed
camión,truck
vender,sell
llame,I called
detente,detente
luchar,struggle
cabo,cable
ruido,noise
lucha,struggle
muere,go dead
reloj,clock
gato,cat
averiguar,figure out
volar,fly
vayamos,Let's go
tanta,so much
vendrá,will come
corriendo,in a hurry
yendo,going
colegio,school
sonido,sound
caballero,gentleman
pasada,padda
código,code
hagamos,let's do
imagen,image
riesgo,risk
llegamos,we arrived
alguno,some
pan,pan
millón,million
malas,lazy
dama,agitate
hielo,ice
coño,Pussy
cayó,fell
prensa,press
querer,to want
vengan,come
eddie,eddie
caminar,walk
televisión,television
pasará,it will happen
momentos,moments
coger,take
posibilidad,possibility
hubiese,there would be
mark,mark
asiento,seat
tuviste,You saw
herido,injured
maría,Maria
seguramente,surely
proyecto,project
pared,pared
sentí,I felt
sospechoso,suspicious
naturaleza,nature
ésa,that
silla,chair
perdió,lost
robert,robert
policías,Police
arreglar,arrange
sentado,seated
papi,papi
ideas,ideas
obtener,obtain
felices,Happy
señoría,lordship
cantidad,amount
bebe,Bebe
mírame,Look at me
chris,chris
papa,Boat
llorar,cry
quedó,It was
familiar,familiar
desastre,disaster
locos,locos
escuche,listen
quedarte,stay
política,policy
pedí,I asked
sois,be
nosotras,we
will,will
enfermedad,disease
encontraron,They found
colega,co-worker
príncipe,Prince
verde,green
bajar,lower
nervioso,highly strung
vengo,come
inspector,inspector
sirve,it serves
puertas,doors
fuerzas,forces
playa,playa
cantar,sing
déjeme,Leave me
velocidad,speed
total,total
cabello,hair
suficientemente,enough
huellas,footprints
haberte,HAVE YOU
debí,Debí
unidad,unit
estan,are
cuchillo,knife
t,t
oigan,Hey
quienes,who
gana,pretty
tonterías,foolishness
emergencia,emergency
perfecta,Perfect
hable,I talked
gustaba,liked
lugares,places
ryan,ryan
show,show
robo,robo
permite,allows
parque,park
uds.,uds.
roto,lake
serie,series
puse,half
nuevas,new
evidencia,evidence
conocerte,know you
estúpida,stupid
preocupe,worry
perdone,Forgive
botella,bottle
viento,wind
mando,command
extraña,strange
historias,stories
aquella,that
tenéis,you have
solos,solos
apoyo,support
bala,read
verdadera,True
tiro,mass
época,era
puente,bridge
olvídalo,forget it
distancia,distance
desea,wants
dejarlo,leave it
pelear,fight
pierna,leg
echar,throw
descanso,rest
américa,America
área,area
orgulloso,proud
datos,data
espectáculo,spectacle
sube,goes up
dejaste,You left
acabas,You finish
verá,will see
magia,magic
nacional,national
universo,universe
llevaba,I had
necesitar,need
nariz,nose
aquellos,those
clases,classes
jake,jake
casas,houses
vergüenza,shame
estarán,will be
monstruo,monster
princesa,Princess
autobús,bus
cuidar,to care
ei,no
huevos,eggs
pocos,few
podrás,you can
enferma,sick
paseo,paseo
detalles,details
llamadas,calls
belleza,beauty
francia,France
abierto,open
viviendo,living
envió,shipment
puntos,points
ministro,minister
conducir,drive
aceptar,accept
borracho,drunk
animal,animal
caballos,horses
trajo,brought
contrato,contract
viernes,Friday
bobby,bobby
martin,martin
amy,amy
bienvenidos,welcome
ex,ex
hechos,facts
sociedad,society
dra.,wear.
tengan,have
quede,remain
inglaterra,England
carga,charge
diste,you gave
puto,think
lleve,I carried
presente,gift
conocía,I knew
uso,use
dedos,fingers
oferta,offer
sentía,I felt
proteger,protect
daniel,daniel
date,date
hiciera,made
hablé,I talked
recibir,receive
agradezco,I appreciate
robar,steal
enamorado,in love
sepas,know
oeste,west
herida,wound
despacio,slowly
ayude,help
supe,supe
directamente,directly
inmediato,immediate
profesional,professional
oscuro,dark
mercado,Marketplace
cerdo,pig
tardes,afternoon
líder,leader
grave,grave
llegué,I arrived
jurado,jury
casos,case
acuerdas,You agree
ahi,raid
desaparecido,missing
debió,had
hubieras,You would have
últimamente,lately
piedra,stone
éramos,we were
habló,speak
charles,charles
paga,pay
secretos,Secrets
digamos,Let's say
intención,intention
humor,humor
dura,dura
dará,will
seguros,insurance
leo,leo
adam,adam
and,and
ángeles,Angels
querría,I would want
cerrar,close
conseguido,achieved
peso,peso
víctimas,victims
asesinado,murdered
humana,human
directo,straight
central,central
termina,ends
compañeros,companions
escuchado,listened
contento,happy
llevan,They carry
podré,I will be able
oscuridad,darkness
actuar,Act
siga,go
llevado,carried
comenzó,began
regresa,came back
privado,private
mirada,look
demonio,devil
abierta,open
kevin,kevin
m,m
llámame,call me
siguen,They continue
romper,break
cambia,change
fiscal,fiscal
jardín,garden
natural,natural
gratis,free
cuesta,costs
amenaza,threat
pon,pound
marca,brand
comenzar,begin
ponte,bridge
medicina,medicine
podremos,we will can
tomé,Thomas
preciosa,lovely
sexual,sexual
acceso,acousse
necesidad,need
dueño,owner
merece,deserve
rayos,good heavens
d,d
mintiendo,lying
tantas,so many
imagino,I imagine
fantasma,ghost
creerlo,Believe it
llamé,I called
ponga,Put
brian,brian
dé,God
pollo,chicken
varios,several
efecto,effect
felicidad,happiness
espada,sword
relaciones,relations
entró,I enter
resultado,result
sombrero,sombrero
menor,smaller
recibido,received
negra,black
to,to
habido,There have been
limpio,clean
china,china
juegos,games
correo,corner
confía,Trust
video,video
perfectamente,perfectly
harán,They will do
teatro,theater
dormido,asleep
local,local
quedado,left
lástima,pity
calles,streets
créeme,believe me
responsabilidad,responsibility
búsqueda,search
dedo,finger
tonta,EYES
recuerdos,memories
razones,reasons
escuchando,listening
eric,eric
elegir,choose
amas,loves
huele,smells
almuerzo,lunch
cien,hundred
adn,DNA
tantos,many
pago,pay
normalmente,normally
mr,mr
pastel,pastel
bastardo,Bastard
cinta,Love
pasé,happens
dígame,tell me
anna,anna
costa,costa
levántate,Get up
llamando,calling
cerrado,closed
interés,interest
enfermera,nurse
comienzo,beginning
olvidé,forget
fuese,It was
militar,military
polvo,dust
bella,bella
quedo,I remain
kate,kate
encontraste,by contrast
voluntad,willpower
varias,several
teoría,theory
roja,day
cuento,tale
escenario,scenery
diario,diary
propiedad,property
agujero,hole
aspecto,aspect
campamento,camp
descansar,rest
matarme,kill me
metido,involved
quiso,He wanted
ángel,angel
enviar,to send
impresionante,awesome
proceso,process
intentado,tried
mio,my
fuente,fountain
alcalde,alkalde
ocurrido,happened
malos,bad
carretera,road
desapareció,He disappeared
desayuno,breakfast
débil,weak
roma,Rome
sabido,known
comienza,starts
tambien,also
intentarlo,try
miembro,member
perdiendo,losing
hayan,have
fueras,You were
resultados,results
jerry,jerry
mata,women
sr,sr
valiente,brave
deber,duty
pecho,chest
gustó,taste
oyes,you hear
thomas,thomas
periódico,newspaper
mami,mami
piensan,They think
washington,washington
tv,tv
cansada,tired
limpiar,clean
crear,create
explicar,explain
robado,stolen
resolver,solve
maté,mate
guapo,handsome
continuar,Continue
sheriff,sheriff
funcionar,work
extra,extra
primo,first
manejar,drive
primeros,first
acto,act
poniendo,putting up
números,numbers
kilómetros,kilometres
andy,andy
llevará,carry
rachel,rachel
niñas,Girls
premio,award
internet,internet
harías,You would do
inútil,useless
domingo,Sunday
tomas,tomas
sensación,sensation
alcohol,alcohol
tercera,third
agentes,Agents
disculpas,apologies
antiguo,ancient
guapa,pretty
asustado,scared
puedan,can
sexy,sexy
genio,genius
recuperar,recover
creemos,We believe
lengua,language
ladrón,thief
intenté,I tried
examen,exam
deprisa,fast
montaña,mountain
durmiendo,sleeping
disparar,shoot
entrenador,coach
queso,queso
entero,whole
papeles,papers
pones,You put
modelo,model
fútbol,soccer
detener,arrest
lados,sides
miembros,members
sábado,Saturday
pongo,put
mataron,They killed
vuelvas,come back
talento,talent
descubrir,discover
gordo,gordo
tribunal,tribunal
toque,touch
wow,wow
hables,You speak
conocemos,We know
haberme,have
dispuesto,willing
tamaño,size
dejen,The dough
maravillosa,wonderful
invitado,guest
importantes,important
derechos,rights
scott,scott
declaración,declaration
claramente,clearly
pacientes,patients
pérdida,loss
in,in
iban,were going
pudiste,You could
profundo,deep
gas,gas
aeropuerto,airport
consigue,get
olvidar,forget
gloria,gloria
olvides,Forget
volviendo,getting back
coge,Take
fué,was
llamaba,I called
pete,pete
tendrán,They will have
instituto,Institute
disparo,firing
encuentras,You find
querían,They wanted
hablemos,let's talk
dia,is
enviado,sent
pertenece,It belongs
sienta,Feel
pensó,thought
cadáver,corpse
gracia,funny
doctora,doctor
escuchen,listen
amante,lover
temporada,season
kim,kim
cuerpos,bodies
amigas,friends
larry,larry
preguntaba,I asked
francés,French
mataste,Matas
techo,ceiling
íbamos,we were going
protección,protection
médicos,doctors
lisa,lisa
venganza,revenge
pensamos,We think
walter,walter
contó,told
discutir,to discuss
comprendo,understand
idiotas,idiots
enemigos,enemies
camisa,shirt
superior,superior
criminal,criminal
preocupada,concerned
bote,Bottle
escribió,wrote
llevamos,we carry
testigos,Witnesses
recoger,collect
emily,emily
truco,trick
jason,jason
original,original
pide,asks
jeff,jeff
rosa,rosa
mama,mama
negros,black
sobrevivir,survive
rostro,face
crédito,credit
compartir,share
saca,pulls out
irás,you will go
pequeñas,little
veía,I saw
empezando,starting
registro,record
continúa,keep going
grandioso,great
viniste,did you come
esquina,corner
contado,told
tengamos,let's have
cientos,hundreds
tormenta,storm
relájate,just relax
siéntese,sit down
chocolate,chocolate
matt,matt
pedazo,piece
tomo,enter
olor,smell
ciencia,science
kelly,kelly
conexión,Connection
vieron,They saw
salón,salón
sucio,dirty
firma,business
vimos,saw
pidiendo,asking
casarse,get marry
bebida,drink
tercer,third
propios,own
fuertes,powerful
lluvia,rain
recién,newly
tomaré,I will take
complicado,complicated
europa,Europe
toques,touches
cámaras,cameras
visión,vision
llego,arrive
americano,American
diversión,fun
pareció,it seemed
libras,pounds
curso,course
disco,disco
probable,probable
precioso,precious
tenia,it had
lago,lake
leído,read
consiguió,got
parecido,similar
material,material
discurso,speech
entera,whole
it,it
corta,short
completa,full
decirles,Tell them
lunes,Monday
efectivo,cash
cura,treatment
antigua,antigua
hablan,They speak
juntas,together
william,William
cáncer,cancer
funeral,funeral
jodido,fucking
dave,dave
artista,artist
favorito,favorite
guste,Like
cae,cae
termine,term
entrevista,interview
sir,sir
pintura,paint
quieto,still
falso,false
india,india
corto,short
inteligencia,intelligence
destruir,destroy
cargos,charges
podías,You could
mentiras,lies
señoras,ladies
helado,frozen
felicidades,cheers
camioneta,van
mueve,move
aparte,apart
rock,rock
tumba,grave
seguimos,We follow
hablaba,she spoke
verle,see him
mapa,map
tarea,task
cambió,change
móvil,mobile
equivocada,wrong
responder,responder
vacío,empty
felicitaciones,congratulations
computadora,computer
estudiante,student
muriendo,dying
construir,build
conocen,They know
clara,clara
solución,solution
mundial,world
plato,plato
famoso,famous
des,of the
dirá,will tell
ambas,both
tecnología,technology
notas,grades
malditos,Damn
cabrón,bastard
condiciones,conditions
dudo,I doubt
robó,heist
escucho,I'm listening
laura,laura
rápidamente,quickly
bordo,edge
nieve,snow
mensajes,messages
fecha,date
violencia,violence
n,n
sujeto,subject
acciones,Actions
fría,cold
droga,drug
saldrá,It will come out
suponía,supposed
empezamos,We start
errores,mistakes
grace,grace
siglo,century
molesto,annoying
acabamos,we are done
sabéis,You know
cortar,cut
seria,he would be
muevas,move
fortuna,fortune
of,of
imaginar,imagine
archivos,files
presencia,presence
familias,families
ey,ey
quedas,falls
solas,light
oficiales,Officers
aventura,adventure
gira,tour
social,social
comunidad,community
annie,annie
alan,alan
cero,zero
clark,clark
esperamos,We hope
ocupada,busy
muévete,move on
convertido,converted
carl,carl
pieza,part
estómago,stomach
disparó,Shooting
legal,legal
conseguí,I got
emma,emma
carter,carter
california,california
rara,never
estudiantes,students
reino,Kingdom
alegría,happiness
barrio,neighborhood
granja,farm
podéis,you can
esfuerzo,effort
trabajaba,I worked
claire,claire
perdóname,forgive me
tesoro,treasure
empleo,employment
compré,I bought
cirugía,surgery
dejamos,We leave
busco,search
trabajas,you work
clave,clue
aparentemente,Apparently
bravo,bravo
ed,ed
desearía,I would like
cerrada,closed
new,new
chicago,chicago
controlar,check
pregunté,I asked for
mostrar,Show
piloto,pilot
pocas,few
tuvieron,They had
ayudarle,Help him
bolso,pocket
llorando,crying
kyle,kyle
duerme,sleep
dejarme,Leave me
intentó,tried
respirar,breathe
aparece,pops up
campaña,campaign
amistad,friendship
corriente,current
viven,they live
huesos,bones
invitados,guests
planta,plant
ritmo,rhythm
respuestas,answers
socio,socio
esperas,hope
caído,fallen
motor,motor
mono,mono
llevaron,They carried
página,page
poquito,a little
u,in
habíamos,We had
encontraremos,We will find
ruego,I beg
dejan,leave
aburrido,bored
paquete,package
casada,married
llevarte,Take you
ted,ted
combate,combat
útil,useful
castillo,castillo
bola,she was
canciones,songs
mataré,I will kill
muchísimo,very much
asistente,assistant
llegaron,They arrived
correcta,correct
pondré,I will put
simon,simon
comido,Eaten
salgan,come out
empecé,I started
tirar,to throw
pasan,pass
cierta,true
honesto,honest
carro,car
limpia,clean
volví,I returned
confío,I trust
venta,sale
huir,flee
apareció,appeared
vais,go
compromiso,commitment
gustas,Like
aseguro,I assure
ira,ira
promesa,promise
decírselo,Tell him
cuáles,which
compras,shopping
importancia,importance
lección,lesson
hablaré,I'll talk
hacerse,to be made
personalmente,personally
roger,roger
luke,luke
bolsillo,pocket
enojado,angry
desgracia,misfortune
artículo,article
labios,lips
cola,cola
estemos,let's
whisky,whisky
taza,cup
despues,after
gary,gary
preguntarte,ask you
pelota,ball
caminando,walking
andar,to walk
crea,creates
chaqueta,jacket
importaría,mind to
den,the
llegará,reach
interesado,interested
atrapado,caught
supiera,knew
matarlo,kill him
árboles,trees
obvio,obvious
amaba,or
hablaremos,we will talk
entrenamiento,training
pescado,fish
últimas,last
pobres,poor
dioses,gods
nerviosa,nervous
vueltas,rounds
encontrarlo,find him
autos,record
alice,alice
preguntarle,ask him
lucy,lucy
abrigo,shelter
okay,okay
estudiar,study
b,b
sonrisa,smile
cobarde,coward
olvida,Forget
secundaria,secondary
descubierto,discovered
convirtió,converted
coches,cars
venía,came
josh,josh
charla,chalk
vives,do you live
bruja,witch
c,c
celular,cell phone
rose,rose
rompió,broke
andando,going
vean,See
conseguiste,You got
susan,susan
veinte,twenty
encargo,charter
matarte,kill you
palacio,palace
convierte,converts
ja,and
vivos,vivic
pasamos,we passed
firme,firm
daría,would give
piense,Think
oigo,I hear
phil,phil
sorprende,surprise
alemanes,Germans
milagro,miracle
soportar,uplift
dejaron,They left
smith,smith
disculpen,excuse me
moda,fashion
despacho,dispatch
vecinos,neighbors
vaso,vase
dejarte,leave you
explosión,burst
poderes,powers
regla,ruler
acaban,east
copia,copy
siguiendo,Following
viajar,travel
cadena,chain
fábrica,factory
mantiene,maintains
meter,meter
contenta,happy
comiendo,eating
educación,education
maneras,ways
fumar,smoke
encantador,charming
cuantos,how many
homicidio,homicide
madera,wood
mayores,greater
grado,grade
tratamiento,treatment
blancos,White
lord,lord
anterior,anterior
comisario,commissar
pizza,pizza
millas,miles
tira,strip
fueran,They were
cumplir,achieve
plata,the payment
quedará,will remain
quedaré,I will stay
aléjate,get away
decidir,decide
lío,mess
preguntó,asked
agencia,agency
humanidad,humanity
usado,used
guardias,guards
parada,stop
leyes,Laws
funcionó,it worked
odia,odia
levanta,lifting
mires,Look
respira,Breathe
escaleras,stairs
decisiones,decisions
queréis,You want
salvaje,wild
preguntando,asking
pasos,Steps
ambulancia,ambulance
traducción,translation
trabajado,worked up
básicamente,basically
tratado,treated
parado,stopped
especiales,special
mentiroso,liar
libres,free
servicios,services
pedirle,Ask for him
vivía,she lived
medios,media
compra,purchase
conocimiento,knowledge
armario,cupboard
lobo,lobo
quedamos,we stay
ciertamente,certainly
permitir,to allow
tráfico,traffic
uniforme,uniform
estuvimos,We were
alemania,Germany
suave,suave
propias,own
balas,please
asqueroso,disgusting
ciento,hundred
invierno,winter
consigo,with you
encuentre,Find
jenny,jenny
conductor,conductor
equipos,equipment
arena,arena
park,park
licencia,license
tíos,uncles
jackson,jackson
dijera,said
espejo,mirror
marina,marina
matando,killing
seres,beings
fiestas,parties
mover,mover
coincidencia,coincidence
análisis,analysis
llegando,arriving
azúcar,sugar
tim,tim
casar,to marry
sótano,basement
volvamos,let's go back
sabrá,will know
taylor,taylor
ocasión,chance
cheque,cheque
revisar,review
ponerme,put myself
suceder,happen
acusado,accused
dímelo,tell me
quedé,I stayed
conciencia,awareness
doc,doc
pesadilla,nightmare
sopa,soup
saltar,hop
heridas,wounds
pienses,think
suicidio,suicide
llamarme,Call me
posibilidades,posibilities
elegido,chosen one
divorcio,divorce
registros,records
recibí,I received
joey,joey
escuchas,You listen
mirad,Behold
pierde,lose
abogados,Lawyers
trataba,It was
americanos,Americans
llevando,wearing
miel,Honey
regrese,I am back
dilo,things
hermanas,sisters
alemán,German
iría,would go
lady,lady
salí,I left
particular,particular
miras,heritage
frontera,border
ventaja,advantage
alerta,alert
piscina,pool
regalos,gifts
comportamiento,behavior
julia,julia
señales,signals
salimos,we went out
revista,magazine
hecha,made
imágenes,images
llegas,you arrive
rápida,rapid
canal,canal
paciencia,patience
sacado,taken out
echo,echo
crisis,crisis
asesinos,murderers
oíste,did you hear
dejando,Leaving
estarías,You would be
anteriormente,previously
vigilancia,surveillance
desierto,desert
asustada,scared
cuerda,rope
míos,mine
chuck,chuck
seguido,followed
seremos,we will be
morgan,morgan
pene,penny
despierto,awake
gobernador,governor
sección,section
casarme,get married
trabajos,jobs
karen,karen
preparados,prepared
murieron,They died
oso,comprehensive
curiosidad,curiosity
vd.,CEO.
hank,hank
impresión,impression
pez,pez
pasaba,passed
escuchaste,you listened
torre,tower
sientas,You feel
mentir,to lie
pasillo,aisle
juega,play
suéltame,suéltame
arresto,arrest
ricos,rich
sencillo,simple
ruta,route
documentos,document
enamorada,in love
apuesta,bet
perdida,lost
vinieron,They came
ayudarnos,Help us
presento,I present
hazme,Make me
leí,read
arthur,arthur
virus,virus
lárgate,Lárgate
sigan,Follow
compró,bought
servir,serve
pongas,Put
alarma,alarm
identidad,identity
iguales,equal
aviso,Notice
aprendido,learned
caza,caza
daba,follow
muchacha,girl
permanecer,stay
bebés,you drink
opciones,options
responde,responds
vernos,see us
julie,julie
llamaste,called
ponerse,to put on
sacó,coat
orgullo,pride
reales,Real
esperan,are waiting
vuelves,You come back
maggie,Maggie
serlo,be
cuantas,how many
enfadado,angry
ponen,They put
altura,height
jones,jones
archivo,archive
fred,fred
ayudará,help to
fácilmente,easily
criatura,creature
saco,bag
precisamente,precisely
máximo,maximum
viniendo,coming
vendría,It would come
louis,louis
ilegal,illegal
refiere,refers
llamamos,We call
versión,version
incendio,fire
preferiría,I'd prefer
gritar,shout out
recibió,received
concierto,concert
casualidad,chance
excusa,excuse
rodillas,knees
cruz,cruz
dulces,sweets
zorra,debt
cómodo,convenient
cruel,cruel
sofá,sofa
perdiste,you lost
encantadora,Enchanting
salgamos,let's go out
sombra,shadow
ganó,won
encantada,luscious
firmar,sign
escritorio,desk
muñeca,doll
rastro,trail
gigante,giant
pájaro,bird
ducha,ghost
tomamos,we take
déjenme,leave me
condición,condition
recompensa,reward
doce,sweet
actor,actor
actitud,attitude
cuida,takes care
salsa,salsa
hubieran,there would be
carlos,carlos
personaje,character
dudas,doubts
jackie,jackie
cambios,changes
votos,wishes
vivido,vivid
perdimos,We lost
suficientes,sufficient
entrega,delivery
comercial,commercial
decidí,I decided
tribu,tribe
pura,temple
volveremos,we will be back
voto,vote
méxico,Mexico
amar,amar
poderoso,powerful
traigo,I bring
asesinatos,murders
fresco,fresco
privada,private
seamos,Let's be
guarda,guard
orgullosa,proud
vivimos,We live
difíciles,difficult
hagámoslo,Let's do it
jefa,throw
trató,deal
senador,Senator
ayudando,Helping
campeón,champion
bebiendo,Drinking
adorable,adorable
ayudó,helped
ciego,blind
falsa,fake
jo,because
sara,sara
bestia,beast
alteza,hatch
deseos,wishes
episodio,episode
celda,cell
llevarlo,carry it
aguanta,hold
vengas,You come
jueves,Thursday
montañas,mountains
pensamientos,thoughts
medianoche,midnight
llevarme,Take me
garganta,throat
sesión,sesión
pensaste,Thought
diles,Tell them
muera,die
coma,with the
sentimos,we feel
creas,You believe
escribe,writes
identificación,ID
circunstancias,circumstances
preguntado,asked
veneno,poison
primavera,spring
súper,super
vuestros,your
queríamos,We wanted
aquello,that
preocuparse,worry
martes,MArts
feo,Voice
cristo,Christ
francisco,francisco
howard,howard
virgen,virgin
distrito,district
decidió,He decided
reputación,reputation
socorro,help
encontraré,I'll find
castigo,punishment
dígale,Tell him
límite,limit
junta,board
ponerte,put on
casados,married
líneas,lines
estudios,studies
muévanse,mévanse
audiencia,audience
helen,helen
nació,born
mato,Bush
jugador,player
hmm,hmm
humo,there
popular,popular
nación,nation
conocimos,We met
tropas,troops
sucediendo,happening
explicación,explanation
salen,They leave
discúlpeme,excuse me
presentar,introduce
donna,donna
celebrar,celebrate
competencia,competence
envía,Send
mantén,maintain
verlos,saved
biblioteca,library
fila,line
ésto,this
misterio,mystery
ganador,winner
puerto,puerto
vehículo,vehicle
escapó,escaped
traeré,I'll bring
julio,July
lograr,achieve
desaparecer,to vanish
muero,I die
quítate,Take off
favorita,favorite
patio,patio
golpeó,hit
tontería,nuisance
miss,miss
pecado,sin
comité,committee
preparada,ready
comprado,bought
parezca,It seems
emocionante,exciting
caras,faces
rescate,rescue
título,title
llegaste,you arrived
decírtelo,tell you
adivina,guess
elizabeth,elizabeth
pánico,panic
barry,barry
quieran,want
abby,abby
exterior,exterior
pasión,passion
llegan,They arrive
preparar,prepare
guau,Wow
patrick,patrick
tierras,land
demostrar,demonstrate
elegante,elegant
asegurarme,make sure
visitar,visit
asegúrate,Make sure
darles,give them
cabezas,Heads
abra,abra
andrew,andrew
dean,dean
ambiente,environment
conde,count
urgente,urgent
impuestos,taxes
antonio,antonio
distinto,distinct
encantan,love
ron,ron
marcas,marks
ayudarlo,Help him
leyendo,reading
adecuado,appropriate
cajas,boxes
abandonar,abandon
dispara,shoot
buscamos,We seek
funcionando,working
traté,I tried
cia,cia
tomen,Take
darnos,give us
intentas,You try
lily,lily
gustado,liked
jamie,jamie
luchando,struggling
apesta,stinks
volando,flying
periódicos,newspapers
lucas,lucas
detenido,arrested
curioso,curious
tetas,tits
caro,caro
asco,asco
usó,use
buscas,search
amanda,amanda
salgo,I'm on my way out
decirnos,Tell us
enseñó,taught
rick,rick
mírate,look to you
stan,stan
debiste,You owed
océano,ocean
bolas,ball
nuevamente,again
damos,we give
pagado,paid
federal,federal
cuán,how
escalera,ladder
acepto,I agree
km,km
terapia,therapy
lágrimas,tears
terreno,ground
autoridad,authority
encuentran,find
roca,rock
superficie,surface
cubierta,deck
terry,terry
hierba,grass
juan,juan
prometido,promised
crecer,grow
mental,mental
extranjero,foreign
madame,madame
prometí,I promised
mismas,same
existen,exist
veas,go to S
lento,this
dirige,directs
capaces,able
chino,chino
vuelvan,Return
meta,meta
suelta,loose
despedida,farewell
sucedido,happened
pasta,pasta
cristal,glass
vegas,vegas
gritando,yelling
pare,look
peces,pieces
brown,brown
guardar,keep
podían,They could
sabían,They knew
literalmente,literally
salvó,except
aprecio,appreciation
fotografía,Photography
patrón,pattern
esposas,wifes
king,king
desafío,challenge
asombroso,amazing
pedazos,pieces
robin,robin
sales,sales
clínica,clinic
atrapar,catch
experto,expert
medida,measure
tele,a lot
desagradable,disgusting
custodia,custody
nacido,born
anuncio,announcement
física,physical
hollywood,hollywood
empezado,started
ma,and
fiebre,fever
johnson,johnson
compañera,partner
ayudarla,help her
desgraciado,unfortunate
organización,organization
echa,Echa
mina,Mine
honestamente,honestly
deuda,debt
digan,say
transporte,transport
cocinar,cook
delicioso,delicious
podíamos,we could
greg,greg
dirás,You will say
habilidades,skills
sentimiento,feeling
pudieras,You could
golpes,hits
nadar,swim
operaciones,operations
admitir,admit
templo,Temple
adios,adios
maravilla,Wonderful
quita,remove
mate,disease
piano,piano
bombas,bombs
paredes,walls
pantalla,screen
italia,Italy
pusieron,They put
sally,sally
amén,amen
mac,mac
civil,civil
fantasmas,ghost
gasolina,Gasoline
sabia,you knew
tyler,tyler
judíos,Jews
s.,s.
tripulación,crew
pagan,pagan
arrestado,arrested
extraños,strangers
canta,sample
texas,texas
estando,being
flor,flower
ricky,ricky
usan,They use
cruzar,cross
esperemos,let's hope
guía,guide
preocuparte,worry
enseñar,teach
irán,Iran
conferencia,conference
miro,oats
habitaciones,bedrooms
galletas,cookies
hablarle,Talk to him
delito,crime
atacar,attack
objeto,object
disparos,shots
museo,museum
ruedas,wheels
recientemente,recently
huevo,egg
violación,rape
regresó,return
sufrir,suffer
tina,from
terminamos,finished
disponible,available
rica,rica
habilidad,ability
práctica,practice
acabe,Ahab
amado,loved
haberle,have
volvemos,We return
tendrías,You would have
maestra,teacher
city,city
pastillas,tablets
aprendí,I learned
cable,cable
nacimiento,birth
consciente,conscious
alcance,range
evento,event
alquiler,rent
ordenador,ordinator
incidente,accident
huh,huh
escribí,I wrote
estuvieron,They were
intentaré,I will try
pensamiento,thought
metió,put
maleta,suitcase
condado,county
piezas,parts
ladrones,thieves
metro,metro
kilos,kilos
recuerde,Remember
español,Spanish
motivos,reasons
explica,Explain
renunciar,give up
actuación,actual
refugio,shelter
harto,fed up
reacción,reaction
paliza,beating
chef,chef
ocurra,occur
marty,marty
l,l
entrado,entered
quitar,remove
amanecer,sunrise
molly,molly
corazones,hearts
rumores,Rumors
llames,You call
celoso,jealous
utilizar,use
territorio,territory
olvide,forget
prácticamente,practically
disfrutar,enjoy
intentaba,I tried
vecino,neighbor
pública,public
collar,collar
golf,golf
betty,betty
marco,marco
cercano,nearby
fondos,money
ross,ross
bruce,bruce
montar,to assemble
salvado,saved
grados,degrees
dylan,dylan
moto,moto
instrucciones,instructions
treinta,thirty
gordon,gordon
adonde,where to
hablarte,Talk to you
jesse,jesse
emperador,emperor
cigarrillo,cigarette
cuéntame,tell me
do,do
secreta,Secret
haberse,have
hitler,hitler
anne,anne
mortal,mortal
ronda,ronda
cuídate,take care of yourself
metal,metal
puro,Puro
cierre,closing
colores,colors
eva,eva
rusia,Russia
botón,button
hijas,daughters
tenerlo,have it
tono,request
espía,spy
empleados,employees
conduce,lead
detalle,detail
estuvieras,You were
oliver,oliver
rusos,Russians
déjala,leave her
crema,cream
roy,roy
contesta,answer
casarte,marry
manda,he sends
dias,days
prisioneros,Prisoners
echado,lying
trajiste,You brought
charlotte,charlotte
flota,fleet
marie,marie
criminales,criminals
mmm,mmm
platos,dishes
crímenes,crimes
cometido,task
golpear,hit
igualmente,equally
dispararon,They shot
dejará,will leave
tontos,Fools
sabría,would know
abran,open
ayudante,assistant
cultura,culture
revolución,revolution
hombro,shoulder
botas,boots
adoro,I adore
olvidó,forgot
biblia,The Bible
saludos,greetings
katie,katie
deme,do not say
adultos,adults
sitios,sites
serpiente,snake
parker,parker
nathan,nathan
romántico,Romantic
posiblemente,possibly
adivinar,guess
peores,Worst
buscan,looking for
enfrente,in front
restos,remains
capacidad,ability
aliento,breath
placa,plate
rata,flat
áfrica,Africa
entendí,understood
metas,goals
cuadro,chart
afortunado,lucky
puestos,Posts
japón,Japan
división,division
subtítulos,subtitles
entradas,Appetizer
bicicleta,bicycle
vuestras,your
pesado,heavy
sugiero,I suggest
calla,calla
espacial,spatial
st,st
ventanas,windows
mejorar,improve
concurso,contest
comisaría,Police station
sincero,sincere
centavos,cents
naturalmente,naturally
deseas,you want
pasara,pasara
jay,jay
esperado,expected
ocurrir,occur
pondrá,will put
recursos,resources
raza,raza
muestras,Samples
personales,personal
wilson,wilson
imaginación,imagination
volverás,you will come back
ceremonia,ceremony
almacén,store
sabor,flavor
sentarse,feel
on,on
unión,union
frankie,frankie
reserva,reservation
españa,space
encanto,charm
aviones,planes
calidad,quality
escondido,escondido
citas,other
aceite,oil
pusiste,You put
querrá,will want
punta,tip
cinturón,belt
podrán,will be able
cuales,which
chiste,Fund
consecuencias,consequences
sinceramente,sincerely
lewis,lewis
hablaste,You spoke
vaca,cow
investigando,investigating
vuelven,They come back
chloe,chloe
prisionero,prisoner
investigar,investigate
apellido,last name
actual,actual
despertar,wake up
instante,instant
vincent,vincent
ud,out
morirá,will die
sacaste,You took out
justin,justin
traiga,Bring
sentada,sitting
mueva,move
jordan,jordan
terminé,finished
emociones,emotions
dormitorio,bedroom
pulso,pulse
atreves,Dare
frase,phrase
partida,match
sabíamos,We knew
parezco,I look like
excelencia,excellence
despedido,fired
moral,moral
asalto,assault
decente,decent
informes,reports
asusta,scares
trabajan,they work
my,my
doug,doug
poca,little
pasaría,It would happen
médica,doctor
combustible,combustible
discusión,discussion
verán,summer
ciertas,true
pata,butter
jean,jean
antiguos,ancient
requiere,requires
cogido,caught
comunicación,communication
manzana,apple
sed,but
tio,that
joyas,jewelry
cojones,balls
noble,noble
ee.uu.,of.u.
trabajamos,we work
pediste,You asked
encontrarla,find it
piedras,stones
traidor,traitor
gané,I win
letra,letter
conseguimos,we achieved
vía,via
sacerdote,priest
efectos,effects
resistencia,endurance
arroz,rice
arreglado,fixed up
tarjetas,cards
descubrió,discovered
desconocido,a stranger
mínimo,Minimum
disparado,shot
boston,boston
entienden,they understand
bandera,flag
llamarte,call you
plaza,plaza
entrando,entering
tomará,it will take
visitas,visits
cooper,cooper
demasiada,too much
faltan,missing
planeado,planned
imperio,empire
esperaré,I will wait
enfadada,angry
levantar,rise
cartera,briefcase
jeremy,Jeremy
importar,matter
depósito,deposit
colegas,colleagues
periodista,journalist
comprobar,lengthy
funcione,work
nina,nina
mereces,You deserve
forense,forensic
tensión,strain
involucrado,involved
vacía,empty
abandonado,abandoned
vídeo,video
ruso,rushing
círculo,circle
judío,Jew
cole,cole
gritos,Screams
carol,carol
empecemos,let us begin
resultó,turned out
campos,fields
váyanse,Go
escribiendo,writing
divertida,funny
pasen,pass
pinta,surface
supo,he knew
ascensor,elevator
quedarnos,stay
matará,will kill
aparecer,to appear
helicóptero,helicopter
actuando,acting
ooh,ooh
pasas,passes
apúrate,hurry up
big,big
entregar,deliver
escape,escape
indios,Indians
limpieza,cleaning
rebecca,rebecca
querrás,you will want
hueso,bone
jessica,jessica
magnífico,magnificent
trabajadores,workers
caída,drop
temperatura,temperature
habia,there was
dejaría,I would leave
encontrará,will find
ejercicio,exercise
lealtad,loyalty
alas,alas
pasaron,pasaron
invitación,invitation
diamantes,diamonds
unidades,units
miller,miller
enojada,annoyed
decimos,We say
leyenda,legend
gilipollas,douchebag
tomaste,do you drink tea
paraíso,Paradise
gatos,cats
costumbre,habit
podria,I could
cabaña,cabin
secretaria,secretary
lentamente,slowly
ensayo,rehearsal
pagó,pay
familiares,relatives
gimnasio,gym
negativo,negative
lenguaje,language
pájaros,Birds
presenta,presents
quedes,remain
garaje,garage
palo,palo
león,lion
oídos,ears
dick,dick
espaldas,backs
apuestas,Bets
científico,scientific
incluyendo,including
pelotas,pellets
actividad,activity
dragón,dragon
necesite,need
intentamos,We try
aguantar,put up with
davis,davis
primeras,first
generación,generation
sexuales,sexual
apetece,You want
grupos,groups
capital,capital
dejemos,Let's leave
habrías,You would have
máquinas,machinery
barato,AFFORDABLE
monsieur,Sir
sistemas,systems
fingir,to fake
pensarlo,Think about it
miércoles,Wednesday
escritor,writer
solitario,lonely
recibo,receipt
conocerlo,know him
pudimos,we could
convertirse,become
almas,souls
salto,heel
sonar,sonar
publicidad,advertising
russell,russell
temporal,temporal
antecedentes,background
probado,tried
todd,todd
kenny,kenny
llamaron,They called
atractivo,attractive
váyase,Go away
barra,out
aniversario,birthday
intereses,interests
madres,Mothers
deba,Deba
imagina,you're welcome
niñera,babysitter
movimientos,Movements
quince,quince
holmes,holmes
muro,wall
recibe,receives
luce,light
nací,I was born
prima,Before
cubierto,covered
contando,counting
reír,laugh
producto,product
daños,damage
abrazo,hug
gafas,glasses
arreglarlo,fix it
sobrino,nephew
man,man
demanda,demand
elecciones,elections
construcción,construction
ayudaré,I'll help
buscado,sought
criaturas,creature
dejarla,leave it
internacional,International
perfil,profile
trozo,piece
actriz,actress
repito,I repeat
bendiga,Bless
pistas,track
whoa,whoa
vecindario,neighborhood
hannah,hannah
marcus,marcus
ataques,attacks
razonable,reasonable
vende,sells
gerente,manager
sensible,sensible
ríe,laugh
izquierdo,left
personalidad,personality
camina,walk
traes,You bring
tuvieras,You had
albert,albert
conté,it contains
preparando,preparing
secretario,secretary
rueda,wheel
sorprendido,surprised
profundamente,deep
conoció,He met
grano,grain
pagaré,I will pay
límites,boundaries
moneda,currency
super,super
piedad,piety
militares,military
seguía,It continued
tocado,touched
ciudadanos,Citizens
creado,created
temas,themes
acepta,you accept
encerrado,closed
opinas,You think
empiezo,I start
borde,should
llevarla,carry it
barcos,boats
toby,toby
pudieron,could
tocando,playing
harvey,harvey
profesora,professor
dejame,let me
expresión,expression
asesinada,murdered
escándalo,scandal
nervios,nerves
ios,ios
randy,randy
emoción,emotion
blake,blake
catherine,catherine
oficialmente,officially
perdedor,loser
margaret,margaret
sienten,They feel
rumbo,course
valle,Valley
ian,ian
x,x
viejas,old
buscaba,I was looking for
científicos,scientists
gorda,gorda
juventud,youth
hayamos,we have
preocupación,worry
desnudo,naked
guión,script
grant,grant
envié,I sent
señoritas,Ladies
carreras,careers
tratas,You treat
sucia,dirty
sophie,sophie
ratas,wheel
mayo,mayo
tirado,tiraded
heroína,heroin
háblame,tell me
contestar,to answer
caos,chaos
alternativa,alternative
estupidez,stupidity
derek,derek
sorprendente,amazing
pedirte,Ask for you
principios,beginning
egoísta,selfish
mostraré,I'll show
sentarme,sit down
verdaderamente,truly
enhorabuena,Congratulations
casey,casey
peligrosa,dangerous
ánimo,cheer up
viajes,trips
lujo,luxury
mia,my
cantando,singing
religión,religion
nate,nate
risas,laughs
despejado,clear
miserable,miserable
hierro,iron
corona,corona
wayne,wayne
serías,You would be
dispositivo,device
mencionar,mention
brad,brad
mencionó,mentioned
inmunidad,immunity
grabación,recording
producción,production
nuclear,nuclear
clima,climate
puesta,put
buscarlo,Look for it
carácter,character
prostituta,prostitute
llamarlo,call him
steven,steven
máscara,mask
alegre,happy
comprender,grasp
volviste,You came back
cambiando,Changing
alianza,alliance
encontrarás,you'll find
positivo,positive
siglos,centuries
serían,would
desafortunadamente,unfortunately
guitarra,guitar
hacían,They did
estrategia,strategy
entré,between
vinimos,We came
frecuencia,frequency
poli,poli
that,that
elena,elena
discúlpame,excuse me
llevé,I carried
vince,vince
prohibido,forbidden
caray,Wow
arruinar,ruin
masa,time
existencia,existence
túnel,tunnel
bromas,jokes
evitarlo,Avoid it
industria,industry
trasera,rear
monstruos,Monsters
mete,put
conseguiré,I will get
inocentes,innocent
colección,collection
empleado,employee
fatal,fatal
stephen,stephen
olivia,olivia
intente,Try
expediente,office hour
nancy,nancy
putas,foam
jess,jess
petición,peticion
ayudado,helped
lou,lou
presentación,presentation
beth,beth
vendido,sold
cerebral,cerebral
coraje,courage
adulto,adult
rubia,blonde
mandar,to send
pierdes,You lose
gano,find
almorzar,have lunch
caridad,charity
oscar,oscar
sepan,Know
llegada,arrival
capítulo,chapter
disculparme,Excuse me
viniera,came
gastos,bills
sentirse,feel
entren,enter
quédese,Stay
tarta,cake
volvería,I would come back
jersey,jersey
mataría,I would kill
breve,brief
obras,construction
acero,steel
llévame,ride me
street,street
suceda,happen
cigarrillos,cigarettes
funcionará,will work
alicia,alicia
haberla,have
camarada,comrade
confesión,confession
dijimos,we said
coartada,alibi
desnuda,naked
payaso,clown
rayo,ray
guay,guay
naves,naves
americana,americana
político,political
diseño,design
condenado,condemned
convencido,convinced
edward,edward
policia,police
italiano,Italian
pedro,pedro
mm,mm
camiseta,T-shirt
vendrán,They will come
extrañas,foreign
impacto,impact
equipaje,luggage
lois,lois
sufrimiento,suffering
salieron,They left
mantente,Stay
sabiendo,knowing
maten,The food
adolescente,adolescent
soltero,single
descubrí,I discovered
tranquilos,quiet
influencia,influence
oxígeno,oxygen
experimento,experiment
absurdo,absurd
algun,any
habrían,they would have
ponerle,put
empiece,Start
devolver,give back
propuesta,proposal
tómalo,take it
michelle,michelle
abrió,Opened
plantas,plant
cantante,singer
traición,treason
cementerio,cemetery
florida,Florida
pozo,well
patrulla,patrol
brandon,brandon
planeando,planning
ann,ann
tragedia,tragedy
ethan,ethan
miami,miami
autoridades,authorities
trate,Treat
procedimiento,procedure
fantasía,fancy
billetes,Tickets
ganamos,we won
secuestro,kidnapping
sabrás,You will know
prestado,rendered
bodas,white
béisbol,baseball
ciudades,cities
conejo,rabbit
pregúntale,ask her
billete,ticket
esperanzas,hopes
díselo,tell her
significado,meaning
mueren,Morning
shawn,shawn
cincuenta,fifty
jugadores,players
web,web
apropiado,appropriate
robot,robot
considerado,considered
alcanzar,reach
patatas,potato
mantenga,keep up
continuación,continuation
tradición,tradition
países,countries
ocultar,disguise
tendríamos,We would have
electricidad,electricity
bebidas,drinks
siguió,He continued
reto,challenge
aldea,village
robaron,They stole
aguas,Waters
caminos,roads
ellen,ellen
permitido,permitted
alli,alli
cima,top
éi,eiéi
risa,risa
cumplido,compliment
objetos,objects
decide,decide
pregunte,I asked for
once,once
matan,the women
terrorista,terrorist
tomes,tomes
términos,terms
reyes,reyes
revés,reverse
explotar,blow
maletas,suitcases
nubes,clouds
circo,circus
darse,give
west,west
prometiste,You promised
tanque,tank
uñas,nails
encargaré,I will order
terroristas,terrorists
estúpidos,stupid
héroes,heroes
salta,Salta
daremos,We will give
agradecido,grateful
victor,victor
terror,terror
keith,keith
sacrificio,sacrifice
destrucción,destruction
teddy,teddy
texto,text
peleas,fights
liga,turns on
martha,martha
ana,cave
enviaré,I will send
teléfonos,phones
porno,porn
diera,give
oscura,Dark
tuyos,yours
olvido,forgot
queridos,Dear
colina,hill
bromeas,JOYS
sano,annual
únicos,unique
musical,musical
pastor,pastor
ponerlo,put it
naranja,orange
batería,battery
trabajó,job
reuniones,Meetings
sue,sue
figura,figure
jesucristo,Jesus Christ
funcionan,do they work
voces,you
caroline,caroline
jacob,jacob
caramba,damn
callejón,alley
técnica,technique
marshall,marshall
refería,I referred
notado,Noted
maquillaje,make-up
lanzar,launch
cadáveres,corpses
atacó,attacked
vendiendo,selling
bailando,dancing
tenerte,to have you
cubrir,cover
liz,liz
policial,police officer
fase,phase
gus,gus
joseph,joseph
importaba,imported
armada,armada
fea,fea
porquería,filth
mickey,mickey
superar,overcome
disfruta,enjoy
sueldo,salary
abiertos,Open
piénsalo,think about it
testimonio,testimony
incómodo,uncomfortable
oyó,or me
costado,side stand
apaga,turns off
considerando,considering
bolsas,scholarship
seguiré,I will continue
imaginé,conceived
detenerlo,stop it
diana,diana
pasaporte,Passport
infancia,childhood
suele,usually
productos,products
rocas,Rocks
reverendo,reverend
mediodía,mediodia
golpeado,struck
destruido,destroyed
reconozco,I recognize
plástico,plastic
young,young
barba,barba
mago,dried
hojas,leaves
conocerla,know her
hallar,situations
mantequilla,butter
lidiar,cope
sentencia,judgment
ideal,ideal
dámelo,launched
mandó,command
residencia,residence
francamente,frankly
guerrero,guerrero
ayudo,helped
sigamos,let's keep going
jennifer,jennifer
engañar,cheat
baje,They came
contaré,I will count
guantes,gloves
rompe,Break
conociste,you met
hoja,Move
decían,they were saying
recepción,reception
logrado,accomplished
odias,You hate
comisión,commission
vampiro,vampire
finales,Finals
sufrido,suffered
azules,Blue
usarlo,use it
cometer,commit
descansa,rest
peleando,fighting
docena,dozen
estaríamos,we would be
sera,will be
lanza,lanza
averiguarlo,Find out
lanzamiento,launch
moverse,move
ho,to
falla,tumble
angela,angela
técnicamente,technically
dejara,will leave
medias,socks
míralo,Look
físico,physicist
hacerla,do
multitud,crew
potencial,potential
hacías,You did
famosa,famous
rutina,routine
oportunidades,opportunities
progreso,progress
fascinante,fascinating
ensalada,salad
cómoda,comfortable
prepara,prepare
tráeme,bring to me
equivocas,wrong
tubo,profit
owen,owen
sacarlo,remove it
is,is
usas,in the US
letras,letters
dennis,dennis
demasiados,too
éstas,are
interrumpir,interrupt
representa,It represents
socios,pity
pecados,sins
novela,novel
herramientas,tools
desaparece,fades away
apostar,to bet
ó,Oh
septiembre,September
vestidos,dresses
festival,festival
franceses,French
queria,I wanted
gustar,like
auxilio,help
éstos,these
fracaso,failure
berlín,Berlin
cañón,Canyon
llegaremos,we will arrive
empezaron,They started
spencer,spencer
fíjate,notice
votar,vote
merezco,I deserve
infantil,childish
estacionamiento,parking lot
asesina,murderess
sentarte,sit
mintió,He lied
grita,scream
ofrecer,offer
ruth,ruth
esclavos,slaves
academia,academia
probarlo,Try it
viuda,widow
reporte,report
monedas,coins
rob,rob
advertencia,warning
jugo,juice
malcolm,malcolm
pico,pico
miré,Look
rota,lottery
sociales,social
amarillo,yellow
encargado,in charge
so,so
listas,lists
as,as
poderosa,powerful
prometió,promised
drama,drama
confundido,confused
olvídate,forget
normales,normal
inconsciente,unconscious
asegurar,ensure
estadounidense,United States
locales,local
informado,informed
resuelto,resolved
cueva,cave
conduciendo,driving
perdidos,lost
escuchó,I'm listening
patético,pathetic
abril,April
matemáticas,math
eliminar,eliminate
venid,come
hicieras,You did
causar,cause
demasiadas,too many
vigilando,watching
función,function
solar,solar
encontrarme,Find me
williams,williams
dólar,dollar
trucos,tricks
h,h
lectura,reading
camarero,waiter
toman,they take
regresaré,I'll be back
tiendas,stores
encontremos,let's find
dimos,We gave
cabina,cabin
deporte,deport
virginia,virginia
fuga,leak
holly,holly
sospechosos,suspicious
jonathan,jonathan
ala,soil
champán,champagne
quedaba,It was
viera,Faith
formar,to form
walker,walker
detectives,detectives
entenderlo,Understand it
orejas,ears
obligado,obliged
testamento,testament
extremadamente,extremely
creyó,He believed
darán,They will give
materia,matter
detuvo,stopped
casco,hull
sabremos,We will know
agenda,agenda
rosas,Roses
aceptado,accepted
bello,Handsome
fabuloso,fabulous
llores,cry
arruinado,spoiled
enterado,aware
junio,June
baila,Dance
artistas,artists
realizar,accomplish
hechizo,spell
respiración,breathing
extremo,extreme
historial,record
pongan,Put
yeah,yeah
próximos,Upcoming
extraordinario,extraordinary
tigre,tigre
fianza,bail
consejos,tips
mostrarte,show you
doctores,Doctors
auténtico,authentic
usamos,We use
romance,romance
miente,lies
matthew,matthew
importan,Import
paren,paren
indio,indio
increíblemente,incredibly
pierdo,I lose
llevaremos,We will carry
ví,wallet
ofrece,offers
seco,dry
willie,willie
quinn,quinn
sagrado,sacred
monte,monte
paris,paris
discos,discs
louise,louise
carrie,carrie
juguetes,toys
cerdos,pigs
enteré,I learned
escapado,I escaped
matarla,kill her
casó,case
ali,but
salgas,You go out
pasajeros,passengers
debilidad,weakness
civiles,civilians
corbata,tie
dispuesta,arranged
necesitaré,I will need
cuartel,barracks
cazar,hunt
robando,stealing
convencer,to convince
rollo,rollo
pescar,to fish
mezcla,mix
parejas,Couples
condicional,conditional
giro,tour
bonitas,beautifuls
necesites,You need
molestar,annoy
amantes,lovers
gris,gray
zoe,zoe
pedimos,We ask
refuerzos,reinforcement
josé,Joseph
colgar,hang
heridos,wounded
arreglo,arrangement
plazo,term
harold,harold
salvajes,wild
elliot,elliot
fotografías,Photographs
sintió,felt
hermosas,beautiful
ashley,ashley
convertir,convert
contarle,tell him
retiro,withdrawal
francis,francis
gravedad,gravity
importe,imported
lata,years
enseñaré,I will teach
velas,candles
suyos,his
símbolo,symbol
reconocimiento,recognition
típico,typical
ayudas,Aid
regresado,returned
conducta,conduct
lane,lane
ken,ken
am,am
participar,to participate
lana,work
shane,shane
hacernos,make us
tratan,They treat
vendedor,seller
federales,federal
pudiéramos,We could
diane,diane
estrés,stress
césar,Caesar
soltera,single woman
gustará,will like
em,in
brujas,Bruges
horario,time
recuerden,Remember
identificar,identify
hill,hill
alfombra,rug
perdóneme,excuse me
actores,actors
atractiva,attractive
permítame,let me
desperté,I woke up
salía,It came out
recibiendo,receiving
preciso,necessary
comprendes,You understand
white,white
altos,tall
fan,fan
papas,papas
anciano,old man
profunda,deep
petróleo,Petroleum
intenciones,intentions
francesa,French
neil,neil
jin,feel
rango,range
sombras,shadow
malvado,wicked
defender,defender
lleguemos,Let's get
suba,lower
jaula,cage
watson,watson
natalie,natalie
comentarios,comments
dosis,dose
cartel,cartel
disparen,They shoot
esperad,wait
cargar,carry
enviaron,They sent
jodida,fucking
seguí,I continued
aproximadamente,about
postre,dessert
escala,scale
estudiando,studying
pavo,them
origen,origin
considerar,consider
fiel,fell
diego,diego
embajador,ambassador
tatuaje,tattoo
población,population
harris,harris
comes,comes
llamen,call
horribles,horrible
vampiros,vampire
dormida,asleep
niveles,levels
largas,long
pandilla,gang
agrada,like
traigan,Bring
onda,then
atrapados,caught up
duque,duke
bajas,low
dejaremos,We will leave
b.,b.
trono,throne
canto,corner
aumento,increase
esconder,to hide
políticos,politicians
muertes,deaths
anthony,anthony
pensabas,You thought
saqué,I took out
taller,taller
fantástica,fantastic
practicar,practice
asientos,seating
armado,armed
gibbs,gibbs
habrán,There will be
considera,considers
atender,to meet
ponemos,We put
we,we
consigues,You get
sentados,seated
costó,cost
soñando,ringing
stanley,stanley
creó,believe
ayúdenme,ayúdenme
juzgado,court
hablarme,Talk to me
janet,janet
bebido,drunk
pierdas,you lose
ponlo,Put it
gallina,hen
miguel,miguel
octubre,October
sentirme,feel
riesgos,Risks
dificil,difficult
besar,big
lavar,to wash
sacarte,get you
cuyo,whose
cayendo,falling down
emocional,emotional
prometida,promised
molestia,inconvenience
christine,christine
consiga,get
huella,fingerprint
agarra,grabs
karl,karl
condena,condemn
decírmelo,tell me
cafetería,coffee shop
honesta,honestal
tómate,tomato
pablo,pablo
medidas,measures
ofreció,offered
dió,walnut
quizas,maybe
celosa,jealous
instinto,instinct
bancos,banks
mías,mine
emocionado,emotional
juguete,toy
villa,villa
conocida,known
servirá,will serve
norman,norman
centavo,penny
lincoln,lincoln
connor,connor
potencia,power
unido,united
julian,julian
copias,do you copy
receta,recipe
interesada,interested
seguirá,will follow
oírme,Hear me
normas,standards
cocaína,cocaine
encontrarte,find you
cambie,change
asesinó,killer
huyendo,running away
marihuana,dope
entramos,we enter
congreso,congress
capa,layer
tocó,touched
mágico,magical
beneficios,benefits
aburrida,bored
invito,Invitation
período,period
corredor,Hall
marte,marte
ayudaría,would help
cortado,cut
mentiste,mentuste
olvidaste,You forgot
nieto,nieto
odiaba,I hated
fraude,fraud
zapato,zapato
mantenerlo,keep it
liam,liam
tiró,shot
sector,sector
conseguirlo,to get it
furgoneta,van
causado,caused
beneficio,benefit
querrías,You would like
graduación,graduation
alejado,remote
junior,junior
complejo,complex
miraba,I looked
patas,paws
columna,column
empieces,You start
bienes,estate
quisieras,You would like
clásico,classic
saque,withdraw
oírlo,hear it
hígado,liver
robaste,robaste
decías,You said
all,all
lleven,Take
trabajé,I worked
muebles,furniture
actos,acts
células,cells
presa,Jack
hubiéramos,we would have
travis,travis
joan,joan
páginas,pages
raymond,raymond
llenar,fill
riley,riley
cambian,They change
sonríe,smile
moscú,Moscow
ordenó,ordered
go,go
motel,motel
venimos,we come
cuente,Count
a.,a.
preguntes,questions
mentido,Lie
decidimos,we decided
house,house
alimentos,foods
actúa,Act
prefieres,You prefer
mason,mason
presupuesto,budget
prepárate,Get ready
ubicación,location
etapa,stage
olvidaré,I will forget
trajes,suits
santos,santos
idioma,language
fruta,fruit
reconoce,recognize
vuela,Flying
ganando,winning
bendición,blessing
luis,luis
compasión,compassion
reconocer,recognize
desarrollo,development
contarte,tell you
vomitar,to vomit
cazador,Hunter
pesca,fishing
arco,arch
wendy,wendy
llora,cries
abandonó,abandonment
supiste,You knew
abogada,lawyer
fama,struggle
plano,flat
elige,choose
maíz,corn
remedio,remedy
harta,assets
maria,maria
muéstrame,show me
audrey,audrey
acostumbrado,used to
green,green
leonard,leonard
disfraz,costume
termino,TERMS
hombros,shoulders
química,chemical
vela,candle
muelle,dock
tiroteo,shooting
dirigir,lead
enterrado,buried
acento,accent
psiquiatra,psychiatrist
escoger,choose
estupenda,great
canadá,Canada
indica,indicates
deudas,debts
subiendo,going up
bla,without
desayunar,have breakfast
tomaron,They took
fines,fines
espíritus,Spirits
ingeniero,engineer
cráneo,skull
desesperado,desperate
baby,baby
separados,separated
queja,complaint
jugada,move
bajando,going down
signos,signs
dirías,You would say
von,from
buscaré,I will search
comen,eat
hong,hong
pediré,I will ask
documento,document
descripción,description
tercero,third
estructura,structure
rehenes,hostages
lleguen,arrive
botellas,bottles
encuentren,find
bomberos,firefighters
horno,oven
préstamo,loan
black,black
tratamos,We treat
autopsia,autopsy
ocupados,busy
penny,penny
metí,I put
pares,peers
propietario,owner
supieras,You knew
adecuada,adequate
cuarenta,forty
profesión,profession
británico,British
exámenes,exams
tracy,tracy
evan,evan
seth,seth
moleste,Mother
agosto,August
logró,achievement
marchar,march
logan,logan
crecido,grown up
representante,representative
empiezas,You start
tareas,tasks
gabriel,gabriel
vodka,vodka
dí,to her
re,re
terribles,terrible
infeliz,unhappy
enormes,huge
geniales,Great
generoso,generous
brindis,toast
rita,rita
directa,direct
hacéis,You do
actualmente,at the moment
rifle,rifle
casino,casino
logro,achievement
trajeron,They brought
celos,jealousy
artículos,articles
estable,stable
escuadrón,squadron
ciudadano,citizen
colin,colin
sospecha,suspicion
violento,violent
engañado,cheated
relacionado,related
niega,denies
vietnam,vietnam
batman,batman
vendió,sold
ralph,ralph
chaval,kid
macho,Eyes
allison,allison
menores,minors
constantemente,constantly
conozca,Know
directora,director
borracha,rubber
ventas,sales
alivio,relief
trauma,trauma
enseñarte,teach you
estadounidenses,Americans
necesidades,needs
bart,bart
exposición,exhibition
negociar,Negotiate
todavia,still
explicarlo,Explain it
copas,Cups
golpea,hit
edificios,buildings
región,region
duros,Hard
moviendo,moving
kitty,kitty
aman,safe
kong,kong
ford,ford
shh,shh
lógica,logic
eligió,elected
sammy,sammy
sangrando,bleeding
jefes,bosses
comió,ate
traducido,translated
narices,nose
deberes,homework
grito,shout
empresas,companies
contactos,Contacts
engaño,deception
acusación,accusation
cirujano,surgeon
pagando,paying
cenizas,ashes
retraso,delay
asesinar,murder
mentí,I lied
imaginas,You imagine
haciéndolo,doing it
ocurriendo,happening
pechos,Breasts
solicitud,application
enfermedades,diseases
soporto,stood
buscarla,look for her
mona,mona
fresca,fresh
prioridad,priority
mentes,rescue
francos,francs
rumor,rumor
confías,You trust
dibujo,drawing
saliste,did you go out
contaste,You told
buscarte,look for you
prefiere,prefers
almirante,admiral
gastar,to spend
vendrás,You will come
use,use
craig,craig
warren,Warren
conjunto,set
profesionales,professionals
ciertos,some
verdes,greens
invitó,invited
alumnos,alumnos
presentó,presented
informar,inform
cortó,short
maya,maya
apagar,to switch off
malditas,nasty
harían,They would do
nelson,nelson
besos,kisses
graciosa,graceful
chinos,chinos
noviembre,November
invisible,invisible
contarme,tell me
economía,economy
logramos,We achieved
combinación,combination
enfermos,sick
conectado,connected
sucederá,It will happen
asumir,assume
rusa,Russian
habitual,habitual
id,id
posesión,possession
inténtalo,Try it
ministerio,ministry
saludable,healthy
firmado,signed
oreja,ear
calientes,hot
personajes,characters
liberar,release
cogió,He took
toro,visit
pintar,resourceful
eternidad,eternity
similar,similar
sobrina,niece
tortura,torture
máxima,maximum
franco,franco
earl,earl
raras,rare
paige,paige
espérame,wait for me
nene,nene
deportes,deports
sígueme,Follow me
sra,sra
pulmones,lungs
cuánta,How much
necesitaremos,we will need
isabel,isabel
acabará,will end
manzanas,apples
ratón,mouse
eléctrica,Electric
ee,of
productor,producer
quédense,stay
demuestra,shows
lauren,lauren
eventos,events
entendiste,You understood
v,in
reciente,recent
empiezan,They begin
pasaste,You passed
enfrentar,face
dejaba,I left
escucharme,listen to me
apariencia,appearance
aves,poultry
radiación,radiation
advierto,I warn
quemado,Burned
corea,Korea
sandy,sandy
síntomas,symptoms
japoneses,Japanese
kurt,kurt
juzgar,judge
adrian,adrian
cervezas,beers
quemar,burn
kent,kent
marzo,marzo
